SEX,0,1,All
1,0.3723529411764706,0.4042647058823529,0.7766176470588235
2,0.10647058823529412,0.11691176470588235,0.22338235294117648
All,0.4788235294117647,0.5211764705882352,1.0
